{"stats":{"minecraft:used":{"minecraft:oak_fence":2,"minecraft:stone_pickaxe":47,"minecraft:oak_planks":4,"minecraft:wooden_pickaxe":3,"minecraft:shield":6,"minecraft:iron_sword":31,"minecraft:cooked_chicken":4,"minecraft:iron_chestplate":1,"minecraft:torch":7,"minecraft:dirt":1,"minecraft:crafting_table":6,"minecraft:granite":2,"minecraft:iron_pickaxe":257,"minecraft:iron_helmet":1,"minecraft:iron_boots":1,"minecraft:stone_axe":56,"minecraft:cobblestone":8,"minecraft:furnace":6,"minecraft:cooked_porkchop":7,"minecraft:bucket":1,"minecraft:andesite":1,"minecraft:egg":1,"minecraft:cooked_beef":2,"minecraft:cobbled_deepslate":5,"minecraft:iron_leggings":1},"minecraft:crafted":{"minecraft:cooked_beef":1,"minecraft:cooked_porkchop":11,"minecraft:crafting_table":1,"minecraft:iron_helmet":1,"minecraft:wooden_pickaxe":1,"minecraft:cooked_chicken":4,"minecraft:iron_sword":1,"minecraft:furnace":3,"minecraft:bucket":1,"minecraft:birch_planks":60,"minecraft:stone_axe":1,"minecraft:cooked_mutton":2,"minecraft:air":0,"minecraft:bow":1,"minecraft:iron_boots":1,"minecraft:iron_chestplate":1,"minecraft:shield":1,"minecraft:stick":20,"minecraft:iron_ingot":31,"minecraft:iron_pickaxe":2,"minecraft:stone_pickaxe":1,"minecraft:iron_leggings":1,"minecraft:torch":4},"minecraft:custom":{"minecraft:interact_with_furnace":44,"minecraft:mob_kills":32,"minecraft:interact_with_crafting_table":18,"minecraft:leave_game":2,"minecraft:time_since_death":32834,"minecraft:time_since_rest":32834,"minecraft:sprint_one_cm":205888,"minecraft:damage_taken":631,"minecraft:walk_one_cm":71041,"minecraft:damage_blocked_by_shield":215,"minecraft:drop":10,"minecraft:damage_dealt":5113,"minecraft:fly_one_cm":66271,"minecraft:crouch_one_cm":13975,"minecraft:play_time":32834,"minecraft:sneak_time":5225,"minecraft:jump":657,"minecraft:walk_on_water_one_cm":1557,"minecraft:total_world_time":32834,"minecraft:fall_one_cm":11531},"minecraft:mined":{"minecraft:deepslate_diamond_ore":2,"minecraft:crafting_table":6,"minecraft:torch":1,"minecraft:granite":2,"minecraft:grass_block":1,"minecraft:cobblestone":1,"minecraft:deepslate_gold_ore":5,"minecraft:oak_planks":2,"minecraft:wall_torch":3,"minecraft:furnace":6,"minecraft:birch_log":15,"minecraft:iron_ore":89,"minecraft:andesite":1,"minecraft:birch_leaves":4,"minecraft:deepslate_lapis_ore":6,"minecraft:grass":1,"minecraft:pointed_dripstone":3,"minecraft:coal_ore":50,"minecraft:deepslate_iron_ore":8,"minecraft:rail":72,"minecraft:stone":47,"minecraft:deepslate":11},"minecraft:dropped":{"minecraft:wheat_seeds":1,"minecraft:feather":1,"minecraft:rotten_flesh":3,"minecraft:andesite":1,"minecraft:arrow":2,"minecraft:stone_pickaxe":1,"minecraft:wooden_pickaxe":1,"minecraft:egg":1,"minecraft:bone":2},"minecraft:killed":{"minecraft:pig":5,"minecraft:spider":3,"minecraft:sheep":1,"minecraft:skeleton":11,"minecraft:zombie":4,"minecraft:chicken":4,"minecraft:cow":4},"minecraft:broken":{"minecraft:iron_pickaxe":1},"minecraft:picked_up":{"minecraft:birch_log":15,"minecraft:crafting_table":6,"minecraft:feather":1,"minecraft:cooked_beef":1,"minecraft:chicken":4,"minecraft:andesite":2,"minecraft:leather":3,"minecraft:birch_planks":2,"minecraft:gunpowder":3,"minecraft:lapis_lazuli":45,"minecraft:dirt":1,"minecraft:string":1,"minecraft:bone":16,"minecraft:bow":2,"minecraft:wheat_seeds":1,"minecraft:cobbled_deepslate":11,"minecraft:raw_gold":5,"minecraft:beef":7,"minecraft:oak_planks":4,"minecraft:egg":2,"minecraft:furnace":6,"minecraft:raw_iron":97,"minecraft:cooked_porkchop":1,"minecraft:oak_fence":2,"minecraft:torch":4,"minecraft:porkchop":12,"minecraft:pointed_dripstone":4,"minecraft:spider_eye":2,"minecraft:arrow":9,"minecraft:rotten_flesh":3,"minecraft:diamond":2,"minecraft:granite":2,"minecraft:rail":71,"minecraft:mutton":2,"minecraft:coal":85,"minecraft:white_wool":1,"minecraft:cobblestone":51}},"DataVersion":3465}