{"stats":{"minecraft:used":{"minecraft:oak_fence":2,"minecraft:stone_pickaxe":47,"minecraft:oak_planks":3,"minecraft:wooden_pickaxe":3,"minecraft:shield":6,"minecraft:cooked_chicken":3,"minecraft:iron_chestplate":1,"minecraft:torch":5,"minecraft:dirt":1,"minecraft:crafting_table":4,"minecraft:iron_pickaxe":68,"minecraft:iron_helmet":1,"minecraft:iron_boots":1,"minecraft:stone_axe":50,"minecraft:cobblestone":5,"minecraft:furnace":6,"minecraft:cooked_porkchop":4,"minecraft:andesite":1,"minecraft:egg":1,"minecraft:cooked_beef":2,"minecraft:iron_leggings":1},"minecraft:crafted":{"minecraft:cooked_beef":1,"minecraft:cooked_porkchop":11,"minecraft:crafting_table":1,"minecraft:iron_helmet":1,"minecraft:wooden_pickaxe":1,"minecraft:cooked_chicken":4,"minecraft:iron_sword":1,"minecraft:furnace":3,"minecraft:birch_planks":60,"minecraft:stone_axe":1,"minecraft:cooked_mutton":2,"minecraft:air":0,"minecraft:iron_boots":1,"minecraft:iron_chestplate":1,"minecraft:shield":1,"minecraft:stick":20,"minecraft:iron_ingot":31,"minecraft:iron_pickaxe":1,"minecraft:stone_pickaxe":1,"minecraft:iron_leggings":1,"minecraft:torch":4},"minecraft:custom":{"minecraft:interact_with_furnace":44,"minecraft:mob_kills":22,"minecraft:interact_with_crafting_table":16,"minecraft:leave_game":2,"minecraft:time_since_death":21555,"minecraft:time_since_rest":21555,"minecraft:sprint_one_cm":125548,"minecraft:damage_taken":430,"minecraft:walk_one_cm":36640,"minecraft:damage_blocked_by_shield":215,"minecraft:drop":9,"minecraft:damage_dealt":2987,"minecraft:fly_one_cm":52433,"minecraft:crouch_one_cm":9250,"minecraft:play_time":21555,"minecraft:sneak_time":3494,"minecraft:jump":451,"minecraft:total_world_time":21555,"minecraft:fall_one_cm":9038},"minecraft:mined":{"minecraft:crafting_table":4,"minecraft:torch":1,"minecraft:grass_block":1,"minecraft:cobblestone":1,"minecraft:oak_planks":2,"minecraft:wall_torch":1,"minecraft:furnace":6,"minecraft:birch_log":15,"minecraft:iron_ore":29,"minecraft:birch_leaves":4,"minecraft:grass":1,"minecraft:coal_ore":50,"minecraft:stone":31},"minecraft:dropped":{"minecraft:wheat_seeds":1,"minecraft:feather":1,"minecraft:rotten_flesh":3,"minecraft:arrow":2,"minecraft:stone_pickaxe":1,"minecraft:wooden_pickaxe":1,"minecraft:bone":2,"minecraft:egg":1},"minecraft:killed":{"minecraft:pig":5,"minecraft:spider":1,"minecraft:sheep":1,"minecraft:skeleton":5,"minecraft:zombie":2,"minecraft:chicken":4,"minecraft:cow":4},"minecraft:picked_up":{"minecraft:birch_log":15,"minecraft:crafting_table":4,"minecraft:feather":1,"minecraft:cooked_beef":1,"minecraft:chicken":4,"minecraft:andesite":1,"minecraft:leather":3,"minecraft:birch_planks":2,"minecraft:gunpowder":2,"minecraft:string":1,"minecraft:dirt":1,"minecraft:bone":10,"minecraft:bow":1,"minecraft:wheat_seeds":1,"minecraft:beef":7,"minecraft:oak_planks":3,"minecraft:egg":2,"minecraft:furnace":6,"minecraft:raw_iron":29,"minecraft:cooked_porkchop":1,"minecraft:oak_fence":2,"minecraft:torch":2,"minecraft:porkchop":12,"minecraft:arrow":6,"minecraft:rotten_flesh":3,"minecraft:cobblestone":36,"minecraft:mutton":2,"minecraft:coal":85,"minecraft:white_wool":1}},"DataVersion":3465}