{"stats":{"minecraft:used":{"minecraft:oak_fence":2,"minecraft:cooked_mutton":2,"minecraft:water_bucket":6,"minecraft:birch_planks":13,"minecraft:stone_pickaxe":47,"minecraft:oak_planks":4,"minecraft:birch_boat":2,"minecraft:wooden_pickaxe":3,"minecraft:shield":8,"minecraft:iron_sword":60,"minecraft:cauldron":1,"minecraft:cooked_chicken":4,"minecraft:iron_chestplate":1,"minecraft:torch":7,"minecraft:glow_berries":6,"minecraft:dirt":19,"minecraft:crafting_table":8,"minecraft:tuff":1,"minecraft:granite":2,"minecraft:bread":2,"minecraft:iron_pickaxe":335,"minecraft:iron_helmet":1,"minecraft:iron_boots":1,"minecraft:stone_axe":59,"minecraft:cobblestone":31,"minecraft:furnace":9,"minecraft:cooked_porkchop":12,"minecraft:bucket":7,"minecraft:andesite":1,"minecraft:egg":1,"minecraft:pointed_dripstone":2,"minecraft:cooked_beef":2,"minecraft:cobbled_deepslate":46,"minecraft:iron_leggings":1},"minecraft:crafted":{"minecraft:cooked_beef":1,"minecraft:cauldron":1,"minecraft:cooked_porkchop":11,"minecraft:crafting_table":2,"minecraft:birch_boat":2,"minecraft:iron_helmet":1,"minecraft:wooden_pickaxe":1,"minecraft:cooked_chicken":4,"minecraft:iron_sword":1,"minecraft:furnace":3,"minecraft:bucket":1,"minecraft:birch_planks":72,"minecraft:stone_axe":1,"minecraft:cooked_mutton":2,"minecraft:air":0,"minecraft:bow":1,"minecraft:iron_boots":1,"minecraft:iron_chestplate":1,"minecraft:shield":1,"minecraft:stick":20,"minecraft:iron_ingot":39,"minecraft:iron_pickaxe":2,"minecraft:stone_pickaxe":1,"minecraft:iron_leggings":1,"minecraft:torch":4},"minecraft:custom":{"minecraft:interact_with_furnace":51,"minecraft:mob_kills":42,"minecraft:interact_with_crafting_table":21,"minecraft:leave_game":2,"minecraft:time_since_death":4783,"minecraft:time_since_rest":4808,"minecraft:sprint_one_cm":304831,"minecraft:damage_taken":1611,"minecraft:walk_one_cm":99381,"minecraft:damage_blocked_by_shield":350,"minecraft:drop":18,"minecraft:damage_dealt":6789,"minecraft:swim_one_cm":3175,"minecraft:fly_one_cm":154152,"minecraft:crouch_one_cm":22925,"minecraft:play_time":62834,"minecraft:deaths":1,"minecraft:sneak_time":8338,"minecraft:walk_under_water_one_cm":3385,"minecraft:boat_one_cm":270225,"minecraft:jump":1192,"minecraft:interact_with_blast_furnace":2,"minecraft:walk_on_water_one_cm":4010,"minecraft:total_world_time":62834,"minecraft:fall_one_cm":29268},"minecraft:mined":{"minecraft:deepslate_diamond_ore":2,"minecraft:crafting_table":7,"minecraft:torch":1,"minecraft:granite":2,"minecraft:grass_block":4,"minecraft:cobblestone":1,"minecraft:deepslate_gold_ore":15,"minecraft:oak_planks":2,"minecraft:wall_torch":3,"minecraft:furnace":6,"minecraft:birch_log":18,"minecraft:iron_ore":93,"minecraft:andesite":1,"minecraft:birch_leaves":4,"minecraft:deepslate_lapis_ore":6,"minecraft:grass":3,"minecraft:pointed_dripstone":3,"minecraft:coal_ore":50,"minecraft:dirt_path":7,"minecraft:deepslate_iron_ore":23,"minecraft:rail":79,"minecraft:dirt":8,"minecraft:stone":58,"minecraft:deepslate":40},"minecraft:dropped":{"minecraft:wheat_seeds":1,"minecraft:feather":1,"minecraft:rotten_flesh":9,"minecraft:rail":78,"minecraft:diorite":50,"minecraft:andesite":1,"minecraft:leather_boots":1,"minecraft:golden_leggings":1,"minecraft:arrow":2,"minecraft:stone_pickaxe":1,"minecraft:wooden_pickaxe":1,"minecraft:iron_pickaxe":1,"minecraft:egg":1,"minecraft:bone":2},"minecraft:killed_by":{"minecraft:zombie":1},"minecraft:killed":{"minecraft:pig":7,"minecraft:spider":4,"minecraft:sheep":1,"minecraft:skeleton":12,"minecraft:zombie":10,"minecraft:chicken":4,"minecraft:cow":4},"minecraft:broken":{"minecraft:iron_pickaxe":1},"minecraft:picked_up":{"minecraft:birch_log":18,"minecraft:crafting_table":7,"minecraft:feather":1,"minecraft:cooked_beef":1,"minecraft:chicken":4,"minecraft:andesite":2,"minecraft:leather":3,"minecraft:golden_leggings":1,"minecraft:birch_planks":2,"minecraft:tuff":1,"minecraft:gunpowder":3,"minecraft:lapis_lazuli":45,"minecraft:dirt":19,"minecraft:string":1,"minecraft:leather_boots":1,"minecraft:bone":18,"minecraft:bow":2,"minecraft:wheat_seeds":1,"minecraft:cobbled_deepslate":110,"minecraft:raw_gold":25,"minecraft:beef":7,"minecraft:iron_pickaxe":2,"minecraft:oak_planks":4,"minecraft:egg":2,"minecraft:furnace":6,"minecraft:stick":2,"minecraft:raw_iron":118,"minecraft:cooked_porkchop":1,"minecraft:oak_fence":2,"minecraft:torch":4,"minecraft:porkchop":17,"minecraft:pointed_dripstone":5,"minecraft:diorite":50,"minecraft:spider_eye":2,"minecraft:arrow":12,"minecraft:rotten_flesh":9,"minecraft:diamond":3,"minecraft:granite":2,"minecraft:rail":78,"minecraft:mutton":2,"minecraft:coal":85,"minecraft:white_wool":1,"minecraft:cobblestone":61}},"DataVersion":3465}