{"stats":{"minecraft:used":{"minecraft:oak_fence":2,"minecraft:iron_shovel":15,"minecraft:shield":8,"minecraft:iron_sword":81,"minecraft:cooked_chicken":4,"minecraft:rotten_flesh":8,"minecraft:iron_chestplate":1,"minecraft:torch":7,"minecraft:dirt":24,"minecraft:tuff":1,"minecraft:granite":2,"minecraft:iron_helmet":1,"minecraft:iron_boots":2,"minecraft:furnace":9,"minecraft:egg":1,"minecraft:cooked_beef":2,"minecraft:acacia_planks":2,"minecraft:cobbled_deepslate":61,"minecraft:iron_leggings":1,"minecraft:pointed_dripstone":3,"minecraft:cooked_mutton":2,"minecraft:water_bucket":8,"minecraft:birch_planks":13,"minecraft:stone_pickaxe":47,"minecraft:oak_planks":4,"minecraft:wooden_pickaxe":3,"minecraft:birch_boat":2,"minecraft:cauldron":2,"minecraft:glow_berries":6,"minecraft:crafting_table":9,"minecraft:melon_slice":17,"minecraft:bread":2,"minecraft:iron_pickaxe":362,"minecraft:stone_axe":65,"minecraft:cobblestone":52,"minecraft:cooked_porkchop":14,"minecraft:andesite":1,"minecraft:bucket":10},"minecraft:crafted":{"minecraft:birch_boat":2,"minecraft:cooked_chicken":4,"minecraft:furnace":3,"minecraft:cooked_mutton":2,"minecraft:bow":1,"minecraft:iron_boots":2,"minecraft:stone_pickaxe":1,"minecraft:cooked_beef":1,"minecraft:cauldron":2,"minecraft:cooked_porkchop":16,"minecraft:crafting_table":2,"minecraft:wooden_pickaxe":1,"minecraft:iron_helmet":1,"minecraft:iron_sword":2,"minecraft:bucket":1,"minecraft:birch_planks":72,"minecraft:stone_axe":1,"minecraft:air":0,"minecraft:iron_chestplate":1,"minecraft:diamond_pickaxe":1,"minecraft:shield":1,"minecraft:stick":20,"minecraft:iron_ingot":43,"minecraft:iron_pickaxe":2,"minecraft:iron_shovel":1,"minecraft:iron_leggings":1,"minecraft:torch":8},"minecraft:custom":{"minecraft:mob_kills":48,"minecraft:interact_with_crafting_table":27,"minecraft:leave_game":3,"minecraft:time_since_death":34713,"minecraft:sprint_one_cm":401206,"minecraft:walk_one_cm":136034,"minecraft:damage_blocked_by_shield":350,"minecraft:drop":34,"minecraft:talked_to_villager":8,"minecraft:play_time":92764,"minecraft:deaths":1,"minecraft:sneak_time":11378,"minecraft:walk_under_water_one_cm":9095,"minecraft:boat_one_cm":318388,"minecraft:jump":1863,"minecraft:interact_with_blast_furnace":3,"minecraft:walk_on_water_one_cm":7365,"minecraft:total_world_time":92764,"minecraft:interact_with_furnace":58,"minecraft:sleep_in_bed":4,"minecraft:time_since_rest":9828,"minecraft:damage_taken":1987,"minecraft:damage_dealt":7998,"minecraft:swim_one_cm":29101,"minecraft:fly_one_cm":279735,"minecraft:open_chest":37,"minecraft:crouch_one_cm":32197,"minecraft:fall_one_cm":45369},"minecraft:mined":{"minecraft:deepslate_diamond_ore":2,"minecraft:granite":2,"minecraft:grass_block":4,"minecraft:furnace":6,"minecraft:iron_ore":93,"minecraft:suspicious_sand":1,"minecraft:andesite":1,"minecraft:deepslate_lapis_ore":6,"minecraft:pointed_dripstone":3,"minecraft:deepslate_iron_ore":23,"minecraft:dirt_path":7,"minecraft:rail":79,"minecraft:stone":58,"minecraft:cut_sandstone":1,"minecraft:crafting_table":8,"minecraft:torch":1,"minecraft:melon":3,"minecraft:cobblestone":6,"minecraft:deepslate_gold_ore":15,"minecraft:oak_planks":2,"minecraft:diorite":1,"minecraft:wall_torch":3,"minecraft:seagrass":1,"minecraft:light_blue_terracotta":1,"minecraft:birch_log":18,"minecraft:birch_leaves":4,"minecraft:grass":3,"minecraft:coal_ore":50,"minecraft:sand":16,"minecraft:dirt":9,"minecraft:acacia_planks":2,"minecraft:deepslate":56},"minecraft:dropped":{"minecraft:stone_hoe":1,"minecraft:wheat_seeds":1,"minecraft:feather":1,"minecraft:iron_helmet":1,"minecraft:rail":78,"minecraft:dirt":1,"minecraft:diorite":57,"minecraft:iron_pickaxe":2,"minecraft:string":192,"minecraft:bone":24,"minecraft:rotten_flesh":12,"minecraft:oak_planks":1,"minecraft:andesite":1,"minecraft:leather_boots":1,"minecraft:golden_leggings":1,"minecraft:chainmail_boots":1,"minecraft:arrow":2,"minecraft:wooden_pickaxe":1,"minecraft:stone_pickaxe":1,"minecraft:egg":1},"minecraft:killed_by":{"minecraft:zombie":1},"minecraft:killed":{"minecraft:spider":5,"minecraft:skeleton":13,"minecraft:chicken":4,"minecraft:pig":7,"minecraft:sheep":1,"minecraft:zombie":14,"minecraft:cow":4},"minecraft:broken":{"minecraft:iron_pickaxe":1},"minecraft:picked_up":{"minecraft:crafting_table":9,"minecraft:iron_chestplate":1,"minecraft:chainmail_boots":1,"minecraft:chicken":4,"minecraft:enchanted_book":1,"minecraft:string":298,"minecraft:iron_leggings":1,"minecraft:cobbled_deepslate":190,"minecraft:bucket":1,"minecraft:beef":7,"minecraft:iron_pickaxe":4,"minecraft:melon_slice":17,"minecraft:furnace":6,"minecraft:egg":2,"minecraft:raw_iron":118,"minecraft:stick":2,"minecraft:oak_fence":2,"minecraft:torch":4,"minecraft:porkchop":17,"minecraft:pointed_dripstone":8,"minecraft:diorite":57,"minecraft:redstone":2,"minecraft:rotten_flesh":24,"minecraft:arrow":28,"minecraft:mutton":2,"minecraft:cobblestone":110,"minecraft:white_wool":2,"minecraft:rail":78,"minecraft:birch_log":18,"minecraft:feather":1,"minecraft:cooked_beef":1,"minecraft:andesite":2,"minecraft:cut_sandstone":1,"minecraft:leather":6,"minecraft:golden_leggings":1,"minecraft:birch_planks":2,"minecraft:tuff":1,"minecraft:gunpowder":7,"minecraft:lapis_lazuli":90,"minecraft:dirt":20,"minecraft:leather_boots":1,"minecraft:bone":38,"minecraft:acacia_planks":2,"minecraft:bow":3,"minecraft:wheat_seeds":1,"minecraft:raw_gold":50,"minecraft:iron_ingot":55,"minecraft:oak_planks":5,"minecraft:stone_hoe":1,"minecraft:cooked_porkchop":1,"minecraft:sand":11,"minecraft:spider_eye":2,"minecraft:light_blue_terracotta":1,"minecraft:diamond":6,"minecraft:stone_axe":1,"minecraft:iron_helmet":2,"minecraft:granite":2,"minecraft:golden_apple":1,"minecraft:emerald":7,"minecraft:coal":85}},"DataVersion":3465}