{"stats":{"minecraft:used":{"minecraft:oak_fence":2,"minecraft:water_bucket":3,"minecraft:stone_pickaxe":47,"minecraft:oak_planks":4,"minecraft:birch_boat":1,"minecraft:wooden_pickaxe":3,"minecraft:shield":6,"minecraft:iron_sword":45,"minecraft:cooked_chicken":4,"minecraft:iron_chestplate":1,"minecraft:torch":7,"minecraft:dirt":3,"minecraft:crafting_table":7,"minecraft:tuff":1,"minecraft:granite":2,"minecraft:iron_pickaxe":335,"minecraft:iron_helmet":1,"minecraft:iron_boots":1,"minecraft:stone_axe":59,"minecraft:cobblestone":31,"minecraft:furnace":6,"minecraft:cooked_porkchop":12,"minecraft:bucket":4,"minecraft:andesite":1,"minecraft:egg":1,"minecraft:cooked_beef":2,"minecraft:cobbled_deepslate":44,"minecraft:iron_leggings":1},"minecraft:crafted":{"minecraft:cooked_beef":1,"minecraft:cooked_porkchop":11,"minecraft:crafting_table":1,"minecraft:birch_boat":1,"minecraft:iron_helmet":1,"minecraft:wooden_pickaxe":1,"minecraft:cooked_chicken":4,"minecraft:iron_sword":1,"minecraft:furnace":3,"minecraft:bucket":1,"minecraft:birch_planks":60,"minecraft:stone_axe":1,"minecraft:cooked_mutton":2,"minecraft:air":0,"minecraft:bow":1,"minecraft:iron_boots":1,"minecraft:iron_chestplate":1,"minecraft:shield":1,"minecraft:stick":20,"minecraft:iron_ingot":31,"minecraft:iron_pickaxe":2,"minecraft:stone_pickaxe":1,"minecraft:iron_leggings":1,"minecraft:torch":4},"minecraft:custom":{"minecraft:interact_with_furnace":44,"minecraft:mob_kills":38,"minecraft:interact_with_crafting_table":19,"minecraft:leave_game":2,"minecraft:time_since_death":44834,"minecraft:time_since_rest":44834,"minecraft:sprint_one_cm":257124,"minecraft:damage_taken":1055,"minecraft:walk_one_cm":82948,"minecraft:damage_blocked_by_shield":215,"minecraft:drop":11,"minecraft:damage_dealt":6073,"minecraft:swim_one_cm":3175,"minecraft:fly_one_cm":101197,"minecraft:crouch_one_cm":16765,"minecraft:play_time":44834,"minecraft:sneak_time":6313,"minecraft:walk_under_water_one_cm":3385,"minecraft:boat_one_cm":5659,"minecraft:jump":932,"minecraft:walk_on_water_one_cm":3885,"minecraft:total_world_time":44834,"minecraft:fall_one_cm":16644},"minecraft:mined":{"minecraft:deepslate_diamond_ore":2,"minecraft:crafting_table":7,"minecraft:torch":1,"minecraft:granite":2,"minecraft:grass_block":2,"minecraft:cobblestone":1,"minecraft:deepslate_gold_ore":15,"minecraft:oak_planks":2,"minecraft:wall_torch":3,"minecraft:furnace":6,"minecraft:birch_log":15,"minecraft:iron_ore":93,"minecraft:andesite":1,"minecraft:birch_leaves":4,"minecraft:deepslate_lapis_ore":6,"minecraft:grass":1,"minecraft:pointed_dripstone":3,"minecraft:coal_ore":50,"minecraft:deepslate_iron_ore":23,"minecraft:rail":79,"minecraft:dirt":1,"minecraft:stone":58,"minecraft:deepslate":40},"minecraft:dropped":{"minecraft:wheat_seeds":1,"minecraft:feather":1,"minecraft:rotten_flesh":5,"minecraft:andesite":1,"minecraft:arrow":2,"minecraft:stone_pickaxe":1,"minecraft:wooden_pickaxe":1,"minecraft:egg":1,"minecraft:bone":2},"minecraft:killed":{"minecraft:pig":7,"minecraft:spider":4,"minecraft:sheep":1,"minecraft:skeleton":11,"minecraft:zombie":7,"minecraft:chicken":4,"minecraft:cow":4},"minecraft:broken":{"minecraft:iron_pickaxe":1},"minecraft:picked_up":{"minecraft:birch_log":15,"minecraft:crafting_table":7,"minecraft:feather":1,"minecraft:cooked_beef":1,"minecraft:chicken":4,"minecraft:andesite":2,"minecraft:leather":3,"minecraft:birch_planks":2,"minecraft:tuff":1,"minecraft:gunpowder":3,"minecraft:lapis_lazuli":45,"minecraft:dirt":3,"minecraft:string":1,"minecraft:bone":16,"minecraft:bow":2,"minecraft:wheat_seeds":1,"minecraft:cobbled_deepslate":44,"minecraft:raw_gold":14,"minecraft:beef":7,"minecraft:oak_planks":4,"minecraft:egg":2,"minecraft:furnace":6,"minecraft:raw_iron":116,"minecraft:cooked_porkchop":1,"minecraft:oak_fence":2,"minecraft:torch":4,"minecraft:porkchop":17,"minecraft:pointed_dripstone":4,"minecraft:spider_eye":2,"minecraft:arrow":9,"minecraft:rotten_flesh":5,"minecraft:diamond":2,"minecraft:granite":2,"minecraft:rail":78,"minecraft:mutton":2,"minecraft:coal":85,"minecraft:white_wool":1,"minecraft:cobblestone":61}},"DataVersion":3465}