{"stats":{"minecraft:used":{"minecraft:acacia_trapdoor":1,"minecraft:stone_shovel":136,"minecraft:stone_pickaxe":16,"minecraft:poppy":1,"minecraft:chest":1,"minecraft:wooden_pickaxe":15,"minecraft:composter":3,"minecraft:leather_boots":1,"minecraft:orange_bed":4,"minecraft:dirt":150,"minecraft:crafting_table":5,"minecraft:red_bed":2,"minecraft:carrot":2,"minecraft:oak_log":2,"minecraft:birch_slab":2,"minecraft:bread":8,"minecraft:acacia_slab":4,"minecraft:golden_leggings":1,"minecraft:stone_axe":67,"minecraft:cobblestone":8,"minecraft:oak_boat":1,"minecraft:acacia_wood":1,"minecraft:cooked_beef":2,"minecraft:acacia_planks":2,"minecraft:golden_axe":15},"minecraft:crafted":{"minecraft:cooked_beef":2,"minecraft:oak_planks":8,"minecraft:stone_shovel":1,"minecraft:crafting_table":1,"minecraft:wooden_pickaxe":1,"minecraft:birch_slab":24,"minecraft:birch_planks":24,"minecraft:stone_axe":1,"minecraft:bread":117,"minecraft:air":0,"minecraft:oak_boat":1,"minecraft:stick":8,"minecraft:stone_pickaxe":1,"minecraft:composter":3,"minecraft:wheat":351},"minecraft:custom":{"minecraft:interact_with_furnace":10,"minecraft:mob_kills":13,"minecraft:interact_with_crafting_table":13,"minecraft:leave_game":2,"minecraft:time_since_death":2421,"minecraft:climb_one_cm":133,"minecraft:sleep_in_bed":4,"minecraft:time_since_rest":2444,"minecraft:sprint_one_cm":137042,"minecraft:damage_taken":979,"minecraft:walk_one_cm":81918,"minecraft:drop":9,"minecraft:damage_dealt":2107,"minecraft:swim_one_cm":29953,"minecraft:fly_one_cm":171167,"minecraft:open_chest":16,"minecraft:crouch_one_cm":6675,"minecraft:play_time":45506,"minecraft:deaths":2,"minecraft:sneak_time":1659,"minecraft:walk_under_water_one_cm":3094,"minecraft:boat_one_cm":130545,"minecraft:jump":974,"minecraft:walk_on_water_one_cm":9437,"minecraft:total_world_time":45506,"minecraft:fall_one_cm":23759},"minecraft:mined":{"minecraft:brown_mushroom":4,"minecraft:spruce_planks":1,"minecraft:red_bed":2,"minecraft:dandelion":1,"minecraft:oak_fence":1,"minecraft:crafting_table":6,"minecraft:torch":1,"minecraft:acacia_log":1,"minecraft:grass_block":23,"minecraft:chest":1,"minecraft:tall_grass":18,"minecraft:cobblestone":2,"minecraft:kelp":1,"minecraft:acacia_slab":5,"minecraft:composter":3,"minecraft:sugar_cane":16,"minecraft:wall_torch":1,"minecraft:cauldron":1,"minecraft:hay_block":39,"minecraft:carrots":3,"minecraft:acacia_trapdoor":4,"minecraft:birch_log":6,"minecraft:wheat":41,"minecraft:acacia_wood":1,"minecraft:birch_leaves":1,"minecraft:potted_red_mushroom":1,"minecraft:grass":82,"minecraft:oak_log":4,"minecraft:coal_ore":5,"minecraft:dirt_path":18,"minecraft:acacia_fence":1,"minecraft:dirt":92,"minecraft:acacia_planks":4,"minecraft:stone":21,"minecraft:orange_bed":5},"minecraft:dropped":{"minecraft:bread":64,"minecraft:kelp":1,"minecraft:wheat_seeds":3,"minecraft:cobblestone":9,"minecraft:rotten_flesh":2,"minecraft:acacia_log":1,"minecraft:acacia_sapling":1},"minecraft:killed_by":{"minecraft:player":2},"minecraft:killed":{"minecraft:cat":1,"minecraft:witch":1,"minecraft:drowned":3,"minecraft:villager":4,"minecraft:cow":4},"minecraft:broken":{"minecraft:stone_shovel":1},"minecraft:picked_up":{"minecraft:nautilus_shell":1,"minecraft:birch_log":6,"minecraft:crafting_table":10,"minecraft:flower_pot":2,"minecraft:golden_leggings":1,"minecraft:leather":1,"minecraft:brown_mushroom":4,"minecraft:wooden_pickaxe":1,"minecraft:red_mushroom":3,"minecraft:acacia_wood":1,"minecraft:birch_planks":13,"minecraft:flint":2,"minecraft:oak_log":6,"minecraft:dirt":186,"minecraft:red_bed":2,"minecraft:flint_and_steel":1,"minecraft:leather_boots":1,"minecraft:acacia_planks":7,"minecraft:kelp":2,"minecraft:wheat_seeds":51,"minecraft:acacia_trapdoor":4,"minecraft:spruce_planks":2,"minecraft:beef":4,"minecraft:stone_pickaxe":1,"minecraft:oak_boat":1,"minecraft:iron_nugget":36,"minecraft:poppy":2,"minecraft:glass_bottle":4,"minecraft:sugar_cane":32,"minecraft:chest":1,"minecraft:acacia_sapling":2,"minecraft:stick":4,"minecraft:composter":6,"minecraft:copper_ingot":1,"minecraft:oak_fence":2,"minecraft:torch":6,"minecraft:acacia_log":1,"minecraft:carrot":2,"minecraft:cauldron":2,"minecraft:orange_bed":6,"minecraft:rotten_flesh":5,"minecraft:stone_axe":1,"minecraft:hay_block":39,"minecraft:bread":59,"minecraft:acacia_slab":16,"minecraft:melon_seeds":1,"minecraft:coal":4,"minecraft:cobblestone":28}},"DataVersion":3465}