{"stats":{"minecraft:used":{"minecraft:wooden_axe":8,"minecraft:water_bucket":9,"minecraft:stone_pickaxe":123,"minecraft:wooden_pickaxe":13,"minecraft:iron_boots":1,"minecraft:stone_axe":3,"minecraft:light_gray_wool":1,"minecraft:cobblestone":46,"minecraft:crafting_table":3,"minecraft:furnace":1,"minecraft:cooked_porkchop":2,"minecraft:bucket":10,"minecraft:granite":1},"minecraft:mined":{"minecraft:iron_ore":38,"minecraft:andesite":4,"minecraft:crafting_table":2,"minecraft:granite":1,"minecraft:grass":1,"minecraft:oak_log":5,"minecraft:coal_ore":31,"minecraft:dirt":1,"minecraft:cobblestone":1,"minecraft:stone":61,"minecraft:sugar_cane":2,"minecraft:oak_leaves":3},"minecraft:crafted":{"minecraft:oak_planks":20,"minecraft:iron_boots":1,"minecraft:cooked_porkchop":5,"minecraft:crafting_table":1,"minecraft:stick":8,"minecraft:iron_ingot":17,"minecraft:wooden_pickaxe":1,"minecraft:stone_pickaxe":1,"minecraft:wooden_axe":1,"minecraft:furnace":1,"minecraft:bucket":1,"minecraft:stone_axe":1,"minecraft:air":0},"minecraft:killed":{"minecraft:sheep":1,"minecraft:pig":4,"minecraft:creeper":1},"minecraft:picked_up":{"minecraft:wooden_axe":1,"minecraft:raw_iron":38,"minecraft:crafting_table":2,"minecraft:cooked_porkchop":4,"minecraft:andesite":4,"minecraft:wooden_pickaxe":1,"minecraft:porkchop":11,"minecraft:oak_log":5,"minecraft:gunpowder":4,"minecraft:dirt":1,"minecraft:stone_axe":1,"minecraft:stone_pickaxe":1,"minecraft:granite":1,"minecraft:light_gray_wool":1,"minecraft:oak_planks":6,"minecraft:sugar_cane":10,"minecraft:mutton":2,"minecraft:coal":40,"minecraft:cobblestone":70},"minecraft:custom":{"minecraft:time_since_rest":5537,"minecraft:interact_with_furnace":10,"minecraft:sprint_one_cm":33551,"minecraft:damage_taken":330,"minecraft:walk_one_cm":17446,"minecraft:mob_kills":6,"minecraft:damage_dealt":690,"minecraft:interact_with_crafting_table":4,"minecraft:swim_one_cm":7951,"minecraft:fly_one_cm":47062,"minecraft:crouch_one_cm":11383,"minecraft:play_time":13804,"minecraft:deaths":1,"minecraft:sneak_time":3839,"minecraft:walk_under_water_one_cm":6581,"minecraft:jump":247,"minecraft:leave_game":1,"minecraft:walk_on_water_one_cm":1004,"minecraft:time_since_death":5515,"minecraft:total_world_time":13804,"minecraft:fall_one_cm":12987}},"DataVersion":3465}