{"stats":{"minecraft:used":{"minecraft:flint_and_steel":1,"minecraft:chest":2,"minecraft:shield":4,"minecraft:iron_sword":106,"minecraft:bell":1,"minecraft:netherrack":26,"minecraft:dirt":71,"minecraft:granite":3,"minecraft:obsidian":10,"minecraft:wooden_axe":8,"minecraft:iron_axe":198,"minecraft:oak_stairs":16,"minecraft:iron_boots":1,"minecraft:light_gray_wool":1,"minecraft:furnace":4,"minecraft:cobbled_deepslate":27,"minecraft:water_bucket":102,"minecraft:diorite":2,"minecraft:stone_pickaxe":123,"minecraft:oak_planks":25,"minecraft:wooden_pickaxe":13,"minecraft:composter":1,"minecraft:crafting_table":7,"minecraft:white_bed":14,"minecraft:diamond_pickaxe":139,"minecraft:bread":7,"minecraft:iron_pickaxe":166,"minecraft:stone_axe":66,"minecraft:nether_wart_block":13,"minecraft:cobblestone":130,"minecraft:cooked_porkchop":22,"minecraft:andesite":14,"minecraft:bucket":103,"minecraft:yellow_bed":11,"minecraft:kelp":1},"minecraft:crafted":{"minecraft:oak_planks":40,"minecraft:furnace":1,"minecraft:flint_and_steel":1,"minecraft:iron_boots":1,"minecraft:iron_axe":1,"minecraft:stone_pickaxe":1,"minecraft:chest":2,"minecraft:cooked_porkchop":24,"minecraft:crafting_table":3,"minecraft:wooden_pickaxe":1,"minecraft:iron_sword":1,"minecraft:bucket":1,"minecraft:stone_axe":1,"minecraft:air":0,"minecraft:iron_chestplate":1,"minecraft:diamond_pickaxe":1,"minecraft:shield":1,"minecraft:stick":16,"minecraft:iron_ingot":37,"minecraft:iron_pickaxe":1,"minecraft:wooden_axe":1,"minecraft:iron_leggings":1,"minecraft:white_bed":1,"minecraft:shears":1},"minecraft:custom":{"minecraft:mob_kills":49,"minecraft:interact_with_crafting_table":16,"minecraft:bell_ring":42,"minecraft:leave_game":4,"minecraft:time_since_death":83936,"minecraft:climb_one_cm":1916,"minecraft:sprint_one_cm":369334,"minecraft:walk_one_cm":136555,"minecraft:damage_blocked_by_shield":125,"minecraft:drop":14,"minecraft:play_time":92225,"minecraft:deaths":1,"minecraft:sneak_time":11399,"minecraft:walk_under_water_one_cm":34250,"minecraft:jump":2541,"minecraft:walk_on_water_one_cm":32843,"minecraft:total_world_time":92225,"minecraft:interact_with_furnace":29,"minecraft:sleep_in_bed":5,"minecraft:time_since_rest":11798,"minecraft:damage_taken":1717,"minecraft:damage_dealt":8478,"minecraft:swim_one_cm":46779,"minecraft:fly_one_cm":427998,"minecraft:open_chest":13,"minecraft:crouch_one_cm":36046,"minecraft:fall_one_cm":75365},"minecraft:mined":{"minecraft:tuff":2,"minecraft:white_bed":13,"minecraft:deepslate_diamond_ore":9,"minecraft:obsidian":11,"minecraft:granite":4,"minecraft:grass_block":6,"minecraft:yellow_carpet":1,"minecraft:crimson_roots":3,"minecraft:cartography_table":1,"minecraft:composter":2,"minecraft:kelp":7,"minecraft:spawner":1,"minecraft:furnace":3,"minecraft:fire":2,"minecraft:iron_ore":40,"minecraft:cobbled_deepslate":3,"minecraft:andesite":14,"minecraft:azure_bluet":1,"minecraft:bell":1,"minecraft:deepslate_iron_ore":19,"minecraft:rail":45,"minecraft:oak_stairs":54,"minecraft:stripped_oak_log":16,"minecraft:stone":90,"minecraft:deepslate_redstone_ore":7,"minecraft:glass_pane":9,"minecraft:kelp_plant":2,"minecraft:crimson_nylium":1,"minecraft:oak_fence":4,"minecraft:crafting_table":4,"minecraft:tall_grass":12,"minecraft:copper_ore":2,"minecraft:cobblestone":58,"minecraft:deepslate_gold_ore":27,"minecraft:sugar_cane":3,"minecraft:oak_planks":100,"minecraft:diorite":2,"minecraft:wall_torch":3,"minecraft:nether_wart_block":13,"minecraft:wheat":1,"minecraft:white_carpet":1,"minecraft:yellow_bed":11,"minecraft:grass":18,"minecraft:oak_log":20,"minecraft:coal_ore":38,"minecraft:loom":2,"minecraft:gravel":5,"minecraft:dirt":55,"minecraft:cobweb":15,"minecraft:netherrack":26,"minecraft:oak_leaves":4,"minecraft:deepslate":31},"minecraft:dropped":{"minecraft:wheat_seeds":1,"minecraft:leather":2,"minecraft:wooden_axe":1,"minecraft:bone":2,"minecraft:gravel":4,"minecraft:stone_axe":1,"minecraft:cobbled_deepslate":8,"minecraft:raw_copper":9,"minecraft:oak_planks":1,"minecraft:poppy":4,"minecraft:arrow":5},"minecraft:killed":{"minecraft:cave_spider":2,"minecraft:spider":3,"minecraft:skeleton":7,"minecraft:chicken":1,"minecraft:piglin":2,"minecraft:pig":11,"minecraft:iron_golem":2,"minecraft:creeper":3,"minecraft:sheep":1,"minecraft:zombie":12,"minecraft:cow":4},"minecraft:picked_up":{"minecraft:wooden_axe":1,"minecraft:crafting_table":4,"minecraft:azure_bluet":1,"minecraft:wooden_pickaxe":1,"minecraft:oak_stairs":54,"minecraft:string":38,"minecraft:raw_copper":11,"minecraft:white_carpet":1,"minecraft:cartography_table":1,"minecraft:cobbled_deepslate":35,"minecraft:beef":8,"minecraft:light_gray_wool":1,"minecraft:poppy":5,"minecraft:sugar_cane":12,"minecraft:furnace":3,"minecraft:raw_iron":65,"minecraft:oak_door":1,"minecraft:composter":2,"minecraft:oak_fence":4,"minecraft:torch":6,"minecraft:porkchop":35,"minecraft:diorite":2,"minecraft:redstone":34,"minecraft:arrow":5,"minecraft:rotten_flesh":10,"minecraft:mutton":2,"minecraft:obsidian":10,"minecraft:rail":44,"minecraft:white_wool":3,"minecraft:cobblestone":157,"minecraft:stripped_oak_log":16,"minecraft:andesite":14,"minecraft:leather":2,"minecraft:flint":1,"minecraft:tuff":2,"minecraft:oak_log":20,"minecraft:yellow_bed":11,"minecraft:nether_wart_block":13,"minecraft:gunpowder":6,"minecraft:dirt":72,"minecraft:bone":5,"minecraft:kelp":1,"minecraft:wheat_seeds":3,"minecraft:raw_gold":27,"minecraft:bell":1,"minecraft:stone_pickaxe":1,"minecraft:iron_ingot":9,"minecraft:oak_planks":106,"minecraft:cooked_porkchop":4,"minecraft:oak_pressure_plate":4,"minecraft:gravel":4,"minecraft:white_bed":13,"minecraft:loom":2,"minecraft:spider_eye":3,"minecraft:yellow_carpet":1,"minecraft:diamond":9,"minecraft:stone_axe":1,"minecraft:granite":7,"minecraft:netherrack":27,"minecraft:coal":129,"minecraft:crimson_roots":4}},"DataVersion":3465}