{"stats":{"minecraft:used":{"minecraft:stone_shovel":136,"minecraft:stone_pickaxe":16,"minecraft:poppy":1,"minecraft:chest":1,"minecraft:wooden_pickaxe":14,"minecraft:composter":3,"minecraft:leather_boots":1,"minecraft:orange_bed":3,"minecraft:dirt":113,"minecraft:crafting_table":5,"minecraft:red_bed":1,"minecraft:carrot":2,"minecraft:oak_log":2,"minecraft:birch_slab":2,"minecraft:bread":6,"minecraft:stone_axe":58,"minecraft:cobblestone":7,"minecraft:acacia_wood":1,"minecraft:oak_boat":1,"minecraft:cooked_beef":2,"minecraft:golden_axe":14},"minecraft:crafted":{"minecraft:cooked_beef":2,"minecraft:oak_planks":8,"minecraft:stone_shovel":1,"minecraft:crafting_table":1,"minecraft:wooden_pickaxe":1,"minecraft:birch_slab":24,"minecraft:birch_planks":24,"minecraft:stone_axe":1,"minecraft:bread":117,"minecraft:air":0,"minecraft:oak_boat":1,"minecraft:stick":8,"minecraft:stone_pickaxe":1,"minecraft:composter":3,"minecraft:wheat":351},"minecraft:custom":{"minecraft:interact_with_furnace":8,"minecraft:mob_kills":12,"minecraft:interact_with_crafting_table":12,"minecraft:time_since_death":28731,"minecraft:climb_one_cm":133,"minecraft:sleep_in_bed":3,"minecraft:time_since_rest":460,"minecraft:sprint_one_cm":104189,"minecraft:damage_taken":632,"minecraft:walk_one_cm":54820,"minecraft:drop":7,"minecraft:damage_dealt":1793,"minecraft:swim_one_cm":29953,"minecraft:fly_one_cm":148407,"minecraft:open_chest":12,"minecraft:crouch_one_cm":6003,"minecraft:play_time":33828,"minecraft:deaths":1,"minecraft:sneak_time":1406,"minecraft:walk_under_water_one_cm":3094,"minecraft:boat_one_cm":130545,"minecraft:jump":760,"minecraft:walk_on_water_one_cm":5521,"minecraft:total_world_time":33828,"minecraft:fall_one_cm":21786},"minecraft:mined":{"minecraft:spruce_planks":1,"minecraft:brown_mushroom":4,"minecraft:red_bed":2,"minecraft:dandelion":1,"minecraft:oak_fence":1,"minecraft:crafting_table":6,"minecraft:torch":1,"minecraft:grass_block":23,"minecraft:chest":1,"minecraft:tall_grass":18,"minecraft:cobblestone":1,"minecraft:composter":3,"minecraft:acacia_slab":5,"minecraft:sugar_cane":16,"minecraft:kelp":1,"minecraft:cauldron":1,"minecraft:hay_block":39,"minecraft:carrots":3,"minecraft:birch_log":6,"minecraft:wheat":2,"minecraft:acacia_wood":1,"minecraft:birch_leaves":1,"minecraft:potted_red_mushroom":1,"minecraft:grass":74,"minecraft:oak_log":4,"minecraft:coal_ore":5,"minecraft:dirt_path":16,"minecraft:acacia_fence":1,"minecraft:dirt":76,"minecraft:acacia_planks":1,"minecraft:stone":21,"minecraft:orange_bed":5},"minecraft:dropped":{"minecraft:kelp":1,"minecraft:wheat_seeds":3,"minecraft:cobblestone":9,"minecraft:rotten_flesh":2,"minecraft:acacia_sapling":1},"minecraft:killed_by":{"minecraft:player":1},"minecraft:killed":{"minecraft:cat":1,"minecraft:witch":1,"minecraft:drowned":3,"minecraft:villager":3,"minecraft:cow":4},"minecraft:broken":{"minecraft:stone_shovel":1},"minecraft:picked_up":{"minecraft:nautilus_shell":1,"minecraft:birch_log":6,"minecraft:crafting_table":8,"minecraft:flower_pot":2,"minecraft:leather":1,"minecraft:brown_mushroom":4,"minecraft:wooden_pickaxe":1,"minecraft:red_mushroom":2,"minecraft:acacia_wood":1,"minecraft:birch_planks":13,"minecraft:flint":2,"minecraft:oak_log":6,"minecraft:dirt":117,"minecraft:red_bed":2,"minecraft:flint_and_steel":1,"minecraft:acacia_planks":1,"minecraft:kelp":2,"minecraft:wheat_seeds":18,"minecraft:spruce_planks":2,"minecraft:stone_pickaxe":1,"minecraft:beef":4,"minecraft:oak_boat":1,"minecraft:iron_nugget":36,"minecraft:poppy":2,"minecraft:glass_bottle":4,"minecraft:sugar_cane":32,"minecraft:chest":1,"minecraft:acacia_sapling":2,"minecraft:stick":4,"minecraft:composter":3,"minecraft:oak_fence":2,"minecraft:copper_ingot":1,"minecraft:torch":2,"minecraft:carrot":2,"minecraft:cauldron":2,"minecraft:orange_bed":5,"minecraft:rotten_flesh":5,"minecraft:stone_axe":1,"minecraft:hay_block":39,"minecraft:acacia_slab":10,"minecraft:melon_seeds":1,"minecraft:coal":4,"minecraft:cobblestone":27}},"DataVersion":3465}