{"stats":{"minecraft:killed":{"minecraft:piglin":1,"minecraft:cave_spider":2,"minecraft:pig":11,"minecraft:spider":3,"minecraft:iron_golem":1,"minecraft:creeper":3,"minecraft:sheep":1,"minecraft:skeleton":7,"minecraft:zombie":12,"minecraft:chicken":1,"minecraft:cow":4},"minecraft:used":{"minecraft:water_bucket":90,"minecraft:diorite":2,"minecraft:flint_and_steel":1,"minecraft:stone_pickaxe":123,"minecraft:oak_planks":7,"minecraft:shield":4,"minecraft:wooden_pickaxe":13,"minecraft:iron_sword":103,"minecraft:crafting_table":6,"minecraft:white_bed":1,"minecraft:granite":3,"minecraft:obsidian":10,"minecraft:wooden_axe":8,"minecraft:diamond_pickaxe":83,"minecraft:bread":2,"minecraft:iron_pickaxe":138,"minecraft:iron_boots":1,"minecraft:light_gray_wool":1,"minecraft:stone_axe":66,"minecraft:cobblestone":80,"minecraft:furnace":4,"minecraft:cooked_porkchop":15,"minecraft:andesite":14,"minecraft:bucket":91,"minecraft:kelp":1,"minecraft:cobbled_deepslate":27},"minecraft:crafted":{"minecraft:oak_planks":40,"minecraft:cooked_porkchop":24,"minecraft:crafting_table":2,"minecraft:wooden_pickaxe":1,"minecraft:iron_sword":1,"minecraft:furnace":1,"minecraft:bucket":1,"minecraft:stone_axe":1,"minecraft:air":0,"minecraft:flint_and_steel":1,"minecraft:iron_boots":1,"minecraft:iron_chestplate":1,"minecraft:diamond_pickaxe":1,"minecraft:shield":1,"minecraft:stick":16,"minecraft:iron_ingot":31,"minecraft:iron_pickaxe":1,"minecraft:stone_pickaxe":1,"minecraft:wooden_axe":1,"minecraft:iron_leggings":1,"minecraft:white_bed":1,"minecraft:shears":1},"minecraft:dropped":{"minecraft:gravel":4,"minecraft:stone_axe":1,"minecraft:wheat_seeds":1,"minecraft:cobbled_deepslate":8,"minecraft:raw_copper":9,"minecraft:oak_planks":1,"minecraft:leather":2,"minecraft:poppy":4,"minecraft:wooden_axe":1,"minecraft:arrow":3,"minecraft:bone":2},"minecraft:mined":{"minecraft:deepslate_redstone_ore":7,"minecraft:tuff":2,"minecraft:deepslate_diamond_ore":9,"minecraft:kelp_plant":2,"minecraft:obsidian":11,"minecraft:crafting_table":4,"minecraft:granite":4,"minecraft:grass_block":1,"minecraft:yellow_carpet":1,"minecraft:copper_ore":2,"minecraft:tall_grass":12,"minecraft:cobblestone":6,"minecraft:deepslate_gold_ore":27,"minecraft:oak_planks":11,"minecraft:sugar_cane":3,"minecraft:kelp":7,"minecraft:diorite":2,"minecraft:spawner":1,"minecraft:furnace":3,"minecraft:iron_ore":40,"minecraft:cobbled_deepslate":3,"minecraft:white_carpet":1,"minecraft:andesite":14,"minecraft:grass":17,"minecraft:coal_ore":38,"minecraft:oak_log":10,"minecraft:deepslate_iron_ore":19,"minecraft:rail":45,"minecraft:gravel":5,"minecraft:dirt":5,"minecraft:cobweb":15,"minecraft:stone":90,"minecraft:oak_leaves":4,"minecraft:deepslate":31},"minecraft:picked_up":{"minecraft:wooden_axe":1,"minecraft:crafting_table":4,"minecraft:andesite":14,"minecraft:leather":2,"minecraft:wooden_pickaxe":1,"minecraft:flint":1,"minecraft:tuff":2,"minecraft:oak_log":10,"minecraft:gunpowder":6,"minecraft:string":38,"minecraft:dirt":1,"minecraft:raw_copper":11,"minecraft:white_carpet":1,"minecraft:bone":5,"minecraft:kelp":1,"minecraft:wheat_seeds":1,"minecraft:cobbled_deepslate":35,"minecraft:raw_gold":27,"minecraft:beef":8,"minecraft:iron_ingot":5,"minecraft:stone_pickaxe":1,"minecraft:poppy":4,"minecraft:light_gray_wool":1,"minecraft:sugar_cane":12,"minecraft:oak_planks":17,"minecraft:furnace":3,"minecraft:raw_iron":65,"minecraft:cooked_porkchop":4,"minecraft:gravel":4,"minecraft:porkchop":35,"minecraft:diorite":2,"minecraft:redstone":34,"minecraft:spider_eye":3,"minecraft:yellow_carpet":1,"minecraft:arrow":5,"minecraft:rotten_flesh":10,"minecraft:diamond":9,"minecraft:stone_axe":1,"minecraft:granite":7,"minecraft:crimson_roots":1,"minecraft:white_wool":3,"minecraft:obsidian":10,"minecraft:mutton":2,"minecraft:coal":129,"minecraft:rail":44,"minecraft:cobblestone":105},"minecraft:custom":{"minecraft:interact_with_furnace":23,"minecraft:mob_kills":47,"minecraft:interact_with_crafting_table":12,"minecraft:climb_one_cm":108,"minecraft:sleep_in_bed":1,"minecraft:leave_game":2,"minecraft:time_since_death":53501,"minecraft:time_since_rest":3935,"minecraft:sprint_one_cm":242580,"minecraft:damage_taken":1066,"minecraft:walk_one_cm":79936,"minecraft:damage_blocked_by_shield":125,"minecraft:drop":12,"minecraft:damage_dealt":7413,"minecraft:swim_one_cm":45432,"minecraft:fly_one_cm":270575,"minecraft:open_chest":4,"minecraft:crouch_one_cm":18774,"minecraft:play_time":61790,"minecraft:deaths":1,"minecraft:sneak_time":7075,"minecraft:walk_under_water_one_cm":31850,"minecraft:jump":1647,"minecraft:walk_on_water_one_cm":31947,"minecraft:total_world_time":61790,"minecraft:fall_one_cm":44883}},"DataVersion":3465}