{"stats":{"minecraft:used":{"minecraft:stone_shovel":136,"minecraft:poppy":1,"minecraft:chest":5,"minecraft:shield":1,"minecraft:iron_sword":25,"minecraft:rotten_flesh":2,"minecraft:iron_chestplate":1,"minecraft:orange_bed":4,"minecraft:dirt":158,"minecraft:carrot":2,"minecraft:acacia_slab":9,"minecraft:iron_boots":1,"minecraft:acacia_wood":1,"minecraft:cooked_beef":2,"minecraft:acacia_planks":2,"minecraft:golden_axe":22,"minecraft:diorite":8,"minecraft:acacia_trapdoor":1,"minecraft:stone_pickaxe":147,"minecraft:wooden_pickaxe":15,"minecraft:composter":3,"minecraft:leather_boots":1,"minecraft:white_wool":1,"minecraft:crafting_table":5,"minecraft:red_bed":2,"minecraft:oak_log":2,"minecraft:birch_slab":2,"minecraft:bread":15,"minecraft:string":3,"minecraft:iron_pickaxe":183,"minecraft:leather_helmet":1,"minecraft:golden_leggings":1,"minecraft:stone_axe":67,"minecraft:cobblestone":37,"minecraft:oak_boat":1},"minecraft:crafted":{"minecraft:oak_planks":8,"minecraft:stone_shovel":1,"minecraft:birch_slab":24,"minecraft:stone_pickaxe":2,"minecraft:chest":4,"minecraft:wheat":351,"minecraft:cooked_beef":2,"minecraft:emerald":16,"minecraft:crafting_table":1,"minecraft:wooden_pickaxe":1,"minecraft:birch_planks":24,"minecraft:stone_axe":1,"minecraft:bread":117,"minecraft:air":0,"minecraft:oak_boat":1,"minecraft:stick":12,"minecraft:iron_ingot":1,"minecraft:iron_pickaxe":1,"minecraft:composter":3},"minecraft:custom":{"minecraft:mob_kills":25,"minecraft:interact_with_crafting_table":17,"minecraft:leave_game":2,"minecraft:time_since_death":3906,"minecraft:climb_one_cm":133,"minecraft:sprint_one_cm":224817,"minecraft:walk_one_cm":127046,"minecraft:damage_blocked_by_shield":70,"minecraft:drop":64,"minecraft:talked_to_villager":3,"minecraft:play_time":75506,"minecraft:deaths":5,"minecraft:sneak_time":3083,"minecraft:walk_under_water_one_cm":5953,"minecraft:boat_one_cm":130545,"minecraft:jump":1747,"minecraft:walk_on_water_one_cm":15822,"minecraft:total_world_time":75506,"minecraft:interact_with_furnace":15,"minecraft:traded_with_villager":16,"minecraft:sleep_in_bed":6,"minecraft:time_since_rest":3932,"minecraft:damage_taken":2099,"minecraft:damage_dealt":4516,"minecraft:swim_one_cm":43478,"minecraft:fly_one_cm":289892,"minecraft:open_chest":48,"minecraft:crouch_one_cm":10985,"minecraft:fall_one_cm":43338},"minecraft:mined":{"minecraft:spruce_planks":1,"minecraft:deepslate_diamond_ore":1,"minecraft:acacia_log":1,"minecraft:grass_block":23,"minecraft:acacia_slab":5,"minecraft:composter":3,"minecraft:kelp":1,"minecraft:hay_block":39,"minecraft:carrots":3,"minecraft:acacia_trapdoor":4,"minecraft:acacia_wood":1,"minecraft:potted_red_mushroom":1,"minecraft:deepslate_iron_ore":2,"minecraft:dirt_path":18,"minecraft:stone":155,"minecraft:white_wool":1,"minecraft:tripwire":2,"minecraft:orange_bed":5,"minecraft:brown_mushroom":4,"minecraft:glass_pane":2,"minecraft:red_bed":2,"minecraft:dandelion":1,"minecraft:oak_fence":1,"minecraft:crafting_table":6,"minecraft:torch":1,"minecraft:chest":1,"minecraft:tall_grass":19,"minecraft:cobblestone":6,"minecraft:deepslate_gold_ore":13,"minecraft:sugar_cane":16,"minecraft:diorite":58,"minecraft:wall_torch":1,"minecraft:cauldron":1,"minecraft:birch_log":6,"minecraft:wheat":43,"minecraft:birch_leaves":1,"minecraft:grass":82,"minecraft:coal_ore":5,"minecraft:oak_log":4,"minecraft:acacia_fence":1,"minecraft:acacia_door":1,"minecraft:dirt":97,"minecraft:acacia_planks":4,"minecraft:gold_ore":9,"minecraft:deepslate":77},"minecraft:dropped":{"minecraft:bread":119,"minecraft:wheat_seeds":3,"minecraft:cobblestone":9,"minecraft:acacia_log":1,"minecraft:kelp":1,"minecraft:rotten_flesh":2,"minecraft:acacia_sapling":1},"minecraft:killed_by":{"minecraft:player":2,"minecraft:zombie":3},"minecraft:killed":{"minecraft:witch":1,"minecraft:spider":2,"minecraft:skeleton":1,"minecraft:drowned":3,"minecraft:cat":1,"minecraft:creeper":1,"minecraft:sheep":1,"minecraft:zombie":7,"minecraft:villager":4,"minecraft:cow":4},"minecraft:broken":{"minecraft:stone_pickaxe":1,"minecraft:golden_axe":1,"minecraft:stone_shovel":1},"minecraft:picked_up":{"minecraft:iron_chestplate":1,"minecraft:crafting_table":12,"minecraft:flower_pot":2,"minecraft:brown_mushroom":4,"minecraft:wooden_pickaxe":1,"minecraft:enchanted_book":2,"minecraft:shield":1,"minecraft:string":449,"minecraft:red_bed":2,"minecraft:acacia_door":1,"minecraft:iron_leggings":2,"minecraft:flint_and_steel":1,"minecraft:cobbled_deepslate":230,"minecraft:spruce_planks":2,"minecraft:beef":4,"minecraft:oak_boat":1,"minecraft:iron_pickaxe":4,"minecraft:iron_nugget":36,"minecraft:poppy":2,"minecraft:sugar_cane":32,"minecraft:chest":1,"minecraft:iron_boots":1,"minecraft:stick":14,"minecraft:raw_iron":4,"minecraft:composter":6,"minecraft:oak_fence":2,"minecraft:copper_ingot":1,"minecraft:torch":46,"minecraft:acacia_log":1,"minecraft:porkchop":10,"minecraft:pointed_dripstone":3,"minecraft:diorite":158,"minecraft:carrot":2,"minecraft:cauldron":2,"minecraft:orange_bed":6,"minecraft:arrow":24,"minecraft:rotten_flesh":24,"minecraft:hay_block":39,"minecraft:mutton":1,"minecraft:cobblestone":291,"minecraft:white_wool":2,"minecraft:nautilus_shell":1,"minecraft:birch_log":6,"minecraft:leather":4,"minecraft:golden_leggings":3,"minecraft:red_mushroom":3,"minecraft:acacia_wood":1,"minecraft:birch_planks":39,"minecraft:flint":2,"minecraft:oak_log":6,"minecraft:gunpowder":3,"minecraft:lapis_lazuli":45,"minecraft:dirt":208,"minecraft:leather_boots":3,"minecraft:bone":20,"minecraft:acacia_planks":7,"minecraft:kelp":2,"minecraft:bow":1,"minecraft:acacia_trapdoor":4,"minecraft:wheat_seeds":52,"minecraft:raw_gold":47,"minecraft:iron_ingot":1,"minecraft:stone_pickaxe":1,"minecraft:glass_bottle":4,"minecraft:oak_planks":2,"minecraft:iron_sword":2,"minecraft:acacia_sapling":2,"minecraft:lava_bucket":1,"minecraft:leather_helmet":3,"minecraft:diamond":4,"minecraft:stone_axe":2,"minecraft:iron_helmet":2,"minecraft:golden_apple":1,"minecraft:bread":110,"minecraft:acacia_slab":16,"minecraft:melon_seeds":1,"minecraft:coal":4}},"DataVersion":3465}