{"stats":{"minecraft:used":{"minecraft:cooked_mutton":1,"minecraft:water_bucket":3,"minecraft:iron_shovel":47,"minecraft:birch_planks":12,"minecraft:stone_pickaxe":167,"minecraft:stone_shovel":128,"minecraft:chest":1,"minecraft:wooden_pickaxe":22,"minecraft:shield":1,"minecraft:composter":2,"minecraft:stone_hoe":31,"minecraft:dirt":36,"minecraft:crafting_table":4,"minecraft:carrot":13,"minecraft:acacia_sapling":1,"minecraft:leather_helmet":1,"minecraft:stone_axe":65,"minecraft:cobblestone":90,"minecraft:furnace":4,"minecraft:cooked_porkchop":2,"minecraft:bucket":3,"minecraft:cooked_beef":1},"minecraft:crafted":{"minecraft:cooked_beef":3,"minecraft:cobblestone_slab":30,"minecraft:stone_shovel":1,"minecraft:cooked_porkchop":2,"minecraft:crafting_table":1,"minecraft:wooden_pickaxe":1,"minecraft:furnace":1,"minecraft:bucket":1,"minecraft:birch_planks":24,"minecraft:stone_axe":1,"minecraft:cooked_mutton":1,"minecraft:air":0,"minecraft:shield":1,"minecraft:stick":16,"minecraft:iron_ingot":1,"minecraft:stone_pickaxe":2,"minecraft:chest":1,"minecraft:iron_shovel":1,"minecraft:acacia_planks":20,"minecraft:stone_hoe":1},"minecraft:custom":{"minecraft:interact_with_furnace":16,"minecraft:mob_kills":6,"minecraft:interact_with_crafting_table":10,"minecraft:time_since_death":35328,"minecraft:sleep_in_bed":1,"minecraft:time_since_rest":17690,"minecraft:sprint_one_cm":106635,"minecraft:damage_taken":210,"minecraft:walk_one_cm":71507,"minecraft:damage_blocked_by_shield":25,"minecraft:drop":3,"minecraft:damage_dealt":1886,"minecraft:talked_to_villager":2,"minecraft:swim_one_cm":15922,"minecraft:fly_one_cm":111876,"minecraft:player_kills":1,"minecraft:open_chest":6,"minecraft:crouch_one_cm":7659,"minecraft:play_time":35328,"minecraft:sneak_time":2371,"minecraft:walk_under_water_one_cm":2238,"minecraft:boat_one_cm":126658,"minecraft:jump":574,"minecraft:walk_on_water_one_cm":6217,"minecraft:total_world_time":35328,"minecraft:fall_one_cm":13172},"minecraft:mined":{"minecraft:farmland":5,"minecraft:crafting_table":4,"minecraft:granite":12,"minecraft:acacia_log":5,"minecraft:blast_furnace":1,"minecraft:grass_block":55,"minecraft:poppy":1,"minecraft:cobblestone":7,"minecraft:acacia_slab":4,"minecraft:composter":4,"minecraft:sugar_cane":5,"minecraft:furnace":4,"minecraft:birch_log":6,"minecraft:iron_ore":2,"minecraft:acacia_wood":17,"minecraft:acacia_stairs":2,"minecraft:birch_leaves":1,"minecraft:bell":1,"minecraft:grass":4,"minecraft:coal_ore":14,"minecraft:dirt_path":68,"minecraft:acacia_fence":8,"minecraft:gravel":16,"minecraft:dirt":52,"minecraft:stone":148},"minecraft:dropped":{"minecraft:rotten_flesh":1,"minecraft:dirt":64,"minecraft:white_wool":1},"minecraft:killed":{"minecraft:pig":1,"minecraft:spider":1,"minecraft:iron_golem":1,"minecraft:sheep":1,"minecraft:cow":2},"minecraft:broken":{"minecraft:stone_pickaxe":1},"minecraft:picked_up":{"minecraft:birch_log":6,"minecraft:crafting_table":4,"minecraft:leather":3,"minecraft:acacia_wood":17,"minecraft:flint":2,"minecraft:dirt":240,"minecraft:string":1,"minecraft:acacia_planks":10,"minecraft:wheat_seeds":4,"minecraft:bell":1,"minecraft:beef":5,"minecraft:iron_ingot":4,"minecraft:poppy":2,"minecraft:sugar_cane":11,"minecraft:acacia_sapling":1,"minecraft:furnace":4,"minecraft:stick":1,"minecraft:raw_iron":2,"minecraft:acacia_fence":9,"minecraft:composter":4,"minecraft:copper_ingot":1,"minecraft:acacia_log":5,"minecraft:torch":5,"minecraft:dandelion":4,"minecraft:gravel":14,"minecraft:porkchop":2,"minecraft:blast_furnace":1,"minecraft:carrot":1,"minecraft:acacia_stairs":2,"minecraft:rotten_flesh":1,"minecraft:granite":12,"minecraft:melon_seeds":2,"minecraft:mutton":3,"minecraft:coal":39,"minecraft:white_wool":2,"minecraft:cobblestone":162}},"DataVersion":3465}