{"stats":{"minecraft:used":{"minecraft:iron_shovel":176,"minecraft:stone_shovel":128,"minecraft:chest":10,"minecraft:shield":5,"minecraft:stone_hoe":32,"minecraft:dirt":84,"minecraft:hopper":4,"minecraft:carrot":18,"minecraft:acacia_sapling":1,"minecraft:golden_chestplate":1,"minecraft:acacia_slab":4,"minecraft:iron_helmet":1,"minecraft:barrel":2,"minecraft:tripwire_hook":3,"minecraft:furnace":5,"minecraft:acacia_wood":5,"minecraft:cooked_beef":5,"minecraft:cobbled_deepslate":4,"minecraft:acacia_planks":1,"minecraft:cooked_mutton":2,"minecraft:water_bucket":13,"minecraft:birch_planks":12,"minecraft:acacia_trapdoor":23,"minecraft:stone_pickaxe":185,"minecraft:wooden_pickaxe":22,"minecraft:composter":2,"minecraft:sugar_cane":75,"minecraft:crafting_table":4,"minecraft:blast_furnace":1,"minecraft:shears":10,"minecraft:lever":1,"minecraft:bread":6,"minecraft:string":3,"minecraft:leather_helmet":1,"minecraft:stone_axe":175,"minecraft:cobblestone":94,"minecraft:cooked_porkchop":2,"minecraft:bucket":13},"minecraft:crafted":{"minecraft:cobblestone_slab":30,"minecraft:stone_shovel":1,"minecraft:barrel":1,"minecraft:tripwire_hook":2,"minecraft:furnace":1,"minecraft:lever":1,"minecraft:cooked_mutton":2,"minecraft:hopper":4,"minecraft:stone_pickaxe":2,"minecraft:chest":13,"minecraft:stone_hoe":1,"minecraft:cooked_beef":5,"minecraft:emerald":48,"minecraft:cooked_porkchop":2,"minecraft:crafting_table":1,"minecraft:acacia_slab":6,"minecraft:wooden_pickaxe":1,"minecraft:iron_helmet":9,"minecraft:acacia_trapdoor":8,"minecraft:bucket":1,"minecraft:birch_planks":24,"minecraft:stone_axe":1,"minecraft:bread":8,"minecraft:air":0,"minecraft:shield":1,"minecraft:stick":16,"minecraft:iron_ingot":80,"minecraft:iron_shovel":1,"minecraft:acacia_planks":212,"minecraft:shears":1},"minecraft:custom":{"minecraft:mob_kills":13,"minecraft:interact_with_crafting_table":28,"minecraft:time_since_death":77328,"minecraft:sprint_one_cm":278138,"minecraft:walk_one_cm":156619,"minecraft:damage_blocked_by_shield":105,"minecraft:drop":12,"minecraft:talked_to_villager":29,"minecraft:play_time":77328,"minecraft:sneak_time":4719,"minecraft:walk_under_water_one_cm":4121,"minecraft:boat_one_cm":126658,"minecraft:jump":1572,"minecraft:interact_with_blast_furnace":3,"minecraft:walk_on_water_one_cm":17812,"minecraft:total_world_time":77328,"minecraft:interact_with_furnace":34,"minecraft:traded_with_villager":57,"minecraft:sleep_in_bed":3,"minecraft:time_since_rest":18150,"minecraft:damage_taken":528,"minecraft:damage_dealt":3397,"minecraft:fly_one_cm":296402,"minecraft:swim_one_cm":16497,"minecraft:player_kills":2,"minecraft:open_chest":49,"minecraft:crouch_one_cm":17798,"minecraft:fall_one_cm":24932},"minecraft:mined":{"minecraft:farmland":6,"minecraft:brewing_stand":1,"minecraft:granite":12,"minecraft:acacia_log":35,"minecraft:grass_block":88,"minecraft:acacia_slab":5,"minecraft:composter":4,"minecraft:cartography_table":1,"minecraft:furnace":4,"minecraft:carrots":1,"minecraft:acacia_trapdoor":14,"minecraft:iron_ore":2,"minecraft:barrel":1,"minecraft:acacia_wood":25,"minecraft:acacia_stairs":2,"minecraft:bell":1,"minecraft:dirt_path":78,"minecraft:stone":151,"minecraft:orange_bed":2,"minecraft:acacia_leaves":8,"minecraft:glass_pane":1,"minecraft:crafting_table":4,"minecraft:blast_furnace":1,"minecraft:poppy":5,"minecraft:chest":1,"minecraft:cobblestone":14,"minecraft:sugar_cane":25,"minecraft:birch_log":6,"minecraft:wheat":2,"minecraft:birch_leaves":1,"minecraft:grass":9,"minecraft:coal_ore":14,"minecraft:acacia_fence":9,"minecraft:gravel":16,"minecraft:acacia_door":1,"minecraft:dirt":133,"minecraft:acacia_planks":1,"minecraft:tripwire_hook":1,"minecraft:deepslate":6},"minecraft:dropped":{"minecraft:iron_ingot":2,"minecraft:iron_helmet":6,"minecraft:leather_helmet":1,"minecraft:dirt":64,"minecraft:white_wool":1,"minecraft:rotten_flesh":1,"minecraft:poppy":4},"minecraft:killed":{"minecraft:spider":3,"minecraft:pig":1,"minecraft:iron_golem":1,"minecraft:sheep":1,"minecraft:zombie":4,"minecraft:cow":2},"minecraft:broken":{"minecraft:stone_pickaxe":1,"minecraft:stone_axe":1},"minecraft:picked_up":{"minecraft:iron_chestplate":1,"minecraft:crafting_table":4,"minecraft:wheat":3,"minecraft:wooden_pickaxe":1,"minecraft:brewing_stand":1,"minecraft:string":1305,"minecraft:acacia_door":1,"minecraft:cartography_table":1,"minecraft:cobbled_deepslate":6,"minecraft:beef":5,"minecraft:poppy":7,"minecraft:sugar_cane":43,"minecraft:chest":1,"minecraft:furnace":4,"minecraft:stick":1,"minecraft:raw_iron":2,"minecraft:acacia_fence":10,"minecraft:composter":4,"minecraft:copper_ingot":1,"minecraft:torch":7,"minecraft:acacia_log":35,"minecraft:porkchop":2,"minecraft:pointed_dripstone":3,"minecraft:carrot":6,"minecraft:redstone":2,"minecraft:golden_chestplate":1,"minecraft:orange_bed":2,"minecraft:arrow":2,"minecraft:rotten_flesh":3,"minecraft:mutton":3,"minecraft:rail":78,"minecraft:white_wool":2,"minecraft:cobblestone":279,"minecraft:birch_log":6,"minecraft:tripwire_hook":1,"minecraft:leather":6,"minecraft:acacia_leaves":7,"minecraft:acacia_wood":25,"minecraft:flint":2,"minecraft:gunpowder":4,"minecraft:lapis_lazuli":45,"minecraft:dirt":365,"minecraft:bone":20,"minecraft:acacia_planks":10,"minecraft:bow":1,"minecraft:wheat_seeds":13,"minecraft:acacia_trapdoor":17,"minecraft:raw_gold":25,"minecraft:bell":1,"minecraft:iron_ingot":6,"minecraft:acacia_sapling":1,"minecraft:dandelion":4,"minecraft:gravel":14,"minecraft:blast_furnace":1,"minecraft:acacia_stairs":2,"minecraft:spider_eye":1,"minecraft:barrel":1,"minecraft:diamond":3,"minecraft:stone_axe":2,"minecraft:iron_helmet":5,"minecraft:granite":12,"minecraft:golden_apple":1,"minecraft:bread":24,"minecraft:acacia_slab":1,"minecraft:melon_seeds":4,"minecraft:coal":39}},"DataVersion":3465}