{"stats":{"minecraft:used":{"minecraft:iron_shovel":179,"minecraft:stone_shovel":128,"minecraft:chest":10,"minecraft:shield":10,"minecraft:iron_sword":34,"minecraft:stone_hoe":100,"minecraft:dirt":85,"minecraft:hopper":4,"minecraft:carrot":116,"minecraft:acacia_sapling":1,"minecraft:golden_chestplate":1,"minecraft:acacia_slab":4,"minecraft:iron_helmet":1,"minecraft:barrel":3,"minecraft:tripwire_hook":3,"minecraft:furnace":5,"minecraft:acacia_wood":5,"minecraft:cooked_beef":5,"minecraft:cobbled_deepslate":5,"minecraft:acacia_planks":1,"minecraft:cooked_mutton":2,"minecraft:water_bucket":13,"minecraft:birch_planks":12,"minecraft:acacia_trapdoor":23,"minecraft:stone_pickaxe":185,"minecraft:wooden_pickaxe":22,"minecraft:composter":2,"minecraft:sugar_cane":75,"minecraft:crafting_table":4,"minecraft:blast_furnace":1,"minecraft:shears":10,"minecraft:lever":1,"minecraft:bread":9,"minecraft:string":3,"minecraft:iron_pickaxe":1,"minecraft:leather_helmet":1,"minecraft:stone_axe":180,"minecraft:cobblestone":100,"minecraft:cooked_porkchop":2,"minecraft:bucket":14,"minecraft:bone_meal":66},"minecraft:crafted":{"minecraft:cobblestone_slab":30,"minecraft:stone_shovel":1,"minecraft:barrel":1,"minecraft:tripwire_hook":2,"minecraft:furnace":1,"minecraft:bone_meal":66,"minecraft:lever":1,"minecraft:cooked_mutton":2,"minecraft:hopper":4,"minecraft:stone_pickaxe":2,"minecraft:chest":13,"minecraft:stone_hoe":1,"minecraft:chainmail_leggings":9,"minecraft:cooked_beef":5,"minecraft:emerald":64,"minecraft:cooked_porkchop":2,"minecraft:crafting_table":1,"minecraft:acacia_slab":6,"minecraft:wooden_pickaxe":1,"minecraft:iron_helmet":10,"minecraft:acacia_trapdoor":8,"minecraft:bucket":1,"minecraft:birch_planks":24,"minecraft:stone_axe":1,"minecraft:bread":8,"minecraft:air":0,"minecraft:shield":1,"minecraft:stick":16,"minecraft:chainmail_boots":12,"minecraft:iron_ingot":80,"minecraft:iron_shovel":1,"minecraft:acacia_planks":212,"minecraft:shears":1},"minecraft:custom":{"minecraft:mob_kills":16,"minecraft:interact_with_crafting_table":28,"minecraft:open_barrel":2,"minecraft:time_since_death":89328,"minecraft:sprint_one_cm":320176,"minecraft:walk_one_cm":191184,"minecraft:damage_blocked_by_shield":215,"minecraft:drop":73,"minecraft:talked_to_villager":48,"minecraft:play_time":89328,"minecraft:sneak_time":4968,"minecraft:walk_under_water_one_cm":4121,"minecraft:boat_one_cm":126658,"minecraft:jump":1719,"minecraft:interact_with_blast_furnace":3,"minecraft:walk_on_water_one_cm":17812,"minecraft:total_world_time":89328,"minecraft:interact_with_furnace":34,"minecraft:traded_with_villager":95,"minecraft:sleep_in_bed":6,"minecraft:time_since_rest":8654,"minecraft:damage_taken":669,"minecraft:damage_dealt":3961,"minecraft:fly_one_cm":332085,"minecraft:swim_one_cm":16497,"minecraft:player_kills":3,"minecraft:open_chest":60,"minecraft:crouch_one_cm":20616,"minecraft:fall_one_cm":26304},"minecraft:mined":{"minecraft:farmland":7,"minecraft:brewing_stand":1,"minecraft:granite":12,"minecraft:acacia_log":35,"minecraft:grass_block":88,"minecraft:acacia_slab":5,"minecraft:composter":4,"minecraft:cartography_table":1,"minecraft:furnace":4,"minecraft:carrots":31,"minecraft:acacia_trapdoor":14,"minecraft:iron_ore":2,"minecraft:barrel":2,"minecraft:acacia_wood":25,"minecraft:acacia_stairs":2,"minecraft:bell":1,"minecraft:dirt_path":78,"minecraft:stone":151,"minecraft:orange_bed":2,"minecraft:acacia_leaves":8,"minecraft:glass_pane":1,"minecraft:crafting_table":4,"minecraft:blast_furnace":1,"minecraft:poppy":5,"minecraft:chest":1,"minecraft:cobblestone":15,"minecraft:sugar_cane":25,"minecraft:birch_log":6,"minecraft:wheat":3,"minecraft:birch_leaves":1,"minecraft:grass":9,"minecraft:coal_ore":14,"minecraft:acacia_fence":9,"minecraft:gravel":16,"minecraft:acacia_door":1,"minecraft:dirt":133,"minecraft:acacia_planks":1,"minecraft:tripwire_hook":1,"minecraft:deepslate":6},"minecraft:dropped":{"minecraft:stone_hoe":1,"minecraft:iron_ingot":57,"minecraft:lapis_lazuli":45,"minecraft:diamond":3,"minecraft:cobblestone":44,"minecraft:iron_helmet":11,"minecraft:leather":3,"minecraft:golden_apple":1,"minecraft:leather_helmet":1,"minecraft:dirt":64,"minecraft:chainmail_leggings":10,"minecraft:string":38,"minecraft:white_wool":1,"minecraft:bone":20,"minecraft:redstone":2,"minecraft:stone_axe":1,"minecraft:pointed_dripstone":3,"minecraft:rotten_flesh":2,"minecraft:poppy":4,"minecraft:gunpowder":4,"minecraft:iron_chestplate":1,"minecraft:chainmail_boots":28,"minecraft:arrow":2,"minecraft:bow":1,"minecraft:raw_gold":25},"minecraft:killed":{"minecraft:spider":3,"minecraft:skeleton":1,"minecraft:pig":1,"minecraft:iron_golem":1,"minecraft:sheep":1,"minecraft:zombie":6,"minecraft:cow":2},"minecraft:broken":{"minecraft:stone_pickaxe":1,"minecraft:stone_axe":2},"minecraft:picked_up":{"minecraft:iron_chestplate":1,"minecraft:crafting_table":4,"minecraft:wheat":4,"minecraft:chainmail_boots":16,"minecraft:wooden_pickaxe":1,"minecraft:brewing_stand":1,"minecraft:shield":1,"minecraft:string":1550,"minecraft:acacia_door":1,"minecraft:cartography_table":1,"minecraft:cobbled_deepslate":24,"minecraft:beef":5,"minecraft:iron_pickaxe":1,"minecraft:poppy":7,"minecraft:sugar_cane":43,"minecraft:chest":1,"minecraft:iron_boots":1,"minecraft:furnace":4,"minecraft:stick":11,"minecraft:raw_iron":4,"minecraft:acacia_fence":10,"minecraft:composter":4,"minecraft:copper_ingot":1,"minecraft:torch":27,"minecraft:acacia_log":35,"minecraft:porkchop":7,"minecraft:pointed_dripstone":3,"minecraft:diorite":44,"minecraft:carrot":104,"minecraft:redstone":2,"minecraft:golden_chestplate":1,"minecraft:orange_bed":2,"minecraft:arrow":3,"minecraft:rotten_flesh":6,"minecraft:mutton":3,"minecraft:rail":78,"minecraft:white_wool":2,"minecraft:cobblestone":280,"minecraft:birch_log":6,"minecraft:tripwire_hook":1,"minecraft:leather":6,"minecraft:acacia_leaves":7,"minecraft:golden_leggings":1,"minecraft:acacia_wood":25,"minecraft:birch_planks":13,"minecraft:flint":2,"minecraft:gunpowder":4,"minecraft:lapis_lazuli":45,"minecraft:dirt":366,"minecraft:leather_boots":1,"minecraft:bone":44,"minecraft:acacia_planks":10,"minecraft:bow":1,"minecraft:wheat_seeds":14,"minecraft:acacia_trapdoor":17,"minecraft:raw_gold":36,"minecraft:bell":1,"minecraft:iron_ingot":7,"minecraft:stone_hoe":1,"minecraft:iron_sword":1,"minecraft:acacia_sapling":1,"minecraft:dandelion":4,"minecraft:gravel":14,"minecraft:blast_furnace":1,"minecraft:acacia_stairs":2,"minecraft:spider_eye":1,"minecraft:barrel":2,"minecraft:leather_helmet":1,"minecraft:diamond":3,"minecraft:stone_axe":2,"minecraft:chainmail_leggings":1,"minecraft:iron_helmet":9,"minecraft:granite":12,"minecraft:golden_apple":1,"minecraft:bread":24,"minecraft:acacia_slab":1,"minecraft:melon_seeds":4,"minecraft:coal":39}},"DataVersion":3465}