{"stats":{"minecraft:used":{"minecraft:cooked_mutton":1,"minecraft:water_bucket":12,"minecraft:iron_shovel":150,"minecraft:birch_planks":12,"minecraft:acacia_trapdoor":23,"minecraft:stone_pickaxe":172,"minecraft:stone_shovel":128,"minecraft:chest":10,"minecraft:wooden_pickaxe":22,"minecraft:shield":1,"minecraft:composter":2,"minecraft:stone_hoe":31,"minecraft:dirt":80,"minecraft:crafting_table":4,"minecraft:carrot":13,"minecraft:acacia_sapling":1,"minecraft:shears":8,"minecraft:leather_helmet":1,"minecraft:stone_axe":112,"minecraft:cobblestone":90,"minecraft:furnace":5,"minecraft:cooked_porkchop":2,"minecraft:bucket":12,"minecraft:cooked_beef":3,"minecraft:acacia_planks":1},"minecraft:crafted":{"minecraft:cooked_beef":3,"minecraft:cobblestone_slab":30,"minecraft:stone_shovel":1,"minecraft:tripwire_hook":2,"minecraft:cooked_porkchop":2,"minecraft:crafting_table":1,"minecraft:wooden_pickaxe":1,"minecraft:acacia_trapdoor":8,"minecraft:furnace":1,"minecraft:lever":1,"minecraft:bucket":1,"minecraft:birch_planks":24,"minecraft:stone_axe":1,"minecraft:cooked_mutton":1,"minecraft:air":0,"minecraft:shield":1,"minecraft:stick":16,"minecraft:iron_ingot":5,"minecraft:stone_pickaxe":2,"minecraft:chest":9,"minecraft:iron_shovel":1,"minecraft:acacia_planks":108,"minecraft:stone_hoe":1,"minecraft:shears":1},"minecraft:custom":{"minecraft:interact_with_furnace":18,"minecraft:mob_kills":7,"minecraft:interact_with_crafting_table":20,"minecraft:time_since_death":47328,"minecraft:sleep_in_bed":2,"minecraft:time_since_rest":11370,"minecraft:sprint_one_cm":149221,"minecraft:damage_taken":354,"minecraft:walk_one_cm":99630,"minecraft:damage_blocked_by_shield":25,"minecraft:drop":3,"minecraft:damage_dealt":2303,"minecraft:talked_to_villager":2,"minecraft:swim_one_cm":15922,"minecraft:fly_one_cm":151939,"minecraft:player_kills":2,"minecraft:open_chest":14,"minecraft:crouch_one_cm":10502,"minecraft:play_time":47328,"minecraft:sneak_time":3453,"minecraft:walk_under_water_one_cm":2410,"minecraft:boat_one_cm":126658,"minecraft:jump":785,"minecraft:walk_on_water_one_cm":13579,"minecraft:total_world_time":47328,"minecraft:fall_one_cm":15854},"minecraft:mined":{"minecraft:acacia_leaves":8,"minecraft:farmland":5,"minecraft:crafting_table":4,"minecraft:granite":12,"minecraft:acacia_log":27,"minecraft:blast_furnace":1,"minecraft:grass_block":76,"minecraft:poppy":1,"minecraft:chest":1,"minecraft:cobblestone":9,"minecraft:acacia_slab":4,"minecraft:composter":4,"minecraft:sugar_cane":5,"minecraft:furnace":4,"minecraft:acacia_trapdoor":14,"minecraft:birch_log":6,"minecraft:iron_ore":2,"minecraft:acacia_wood":18,"minecraft:acacia_stairs":2,"minecraft:birch_leaves":1,"minecraft:bell":1,"minecraft:grass":5,"minecraft:coal_ore":14,"minecraft:dirt_path":77,"minecraft:acacia_fence":9,"minecraft:gravel":16,"minecraft:dirt":124,"minecraft:acacia_planks":1,"minecraft:stone":151},"minecraft:dropped":{"minecraft:rotten_flesh":1,"minecraft:dirt":64,"minecraft:white_wool":1},"minecraft:killed":{"minecraft:pig":1,"minecraft:spider":2,"minecraft:iron_golem":1,"minecraft:sheep":1,"minecraft:cow":2},"minecraft:broken":{"minecraft:stone_pickaxe":1,"minecraft:stone_axe":1},"minecraft:picked_up":{"minecraft:birch_log":6,"minecraft:crafting_table":4,"minecraft:acacia_leaves":7,"minecraft:leather":3,"minecraft:wooden_pickaxe":1,"minecraft:acacia_wood":18,"minecraft:flint":2,"minecraft:dirt":341,"minecraft:string":1,"minecraft:acacia_planks":10,"minecraft:acacia_trapdoor":17,"minecraft:wheat_seeds":5,"minecraft:bell":1,"minecraft:beef":5,"minecraft:iron_ingot":4,"minecraft:poppy":3,"minecraft:sugar_cane":11,"minecraft:chest":1,"minecraft:acacia_sapling":1,"minecraft:furnace":4,"minecraft:stick":1,"minecraft:raw_iron":2,"minecraft:acacia_fence":10,"minecraft:composter":4,"minecraft:copper_ingot":1,"minecraft:acacia_log":27,"minecraft:torch":5,"minecraft:dandelion":4,"minecraft:gravel":14,"minecraft:porkchop":2,"minecraft:blast_furnace":1,"minecraft:carrot":1,"minecraft:acacia_stairs":2,"minecraft:golden_chestplate":1,"minecraft:rotten_flesh":1,"minecraft:stone_axe":1,"minecraft:granite":12,"minecraft:melon_seeds":2,"minecraft:mutton":3,"minecraft:coal":39,"minecraft:white_wool":2,"minecraft:cobblestone":167}},"DataVersion":3465}