{"stats":{"minecraft:used":{"minecraft:cooked_mutton":2,"minecraft:water_bucket":12,"minecraft:iron_shovel":173,"minecraft:birch_planks":12,"minecraft:acacia_trapdoor":23,"minecraft:stone_pickaxe":175,"minecraft:stone_shovel":128,"minecraft:chest":10,"minecraft:wooden_pickaxe":22,"minecraft:shield":2,"minecraft:composter":2,"minecraft:stone_hoe":32,"minecraft:dirt":84,"minecraft:crafting_table":4,"minecraft:carrot":18,"minecraft:golden_chestplate":1,"minecraft:acacia_sapling":1,"minecraft:shears":10,"minecraft:lever":1,"minecraft:string":3,"minecraft:acacia_slab":3,"minecraft:leather_helmet":1,"minecraft:barrel":2,"minecraft:stone_axe":137,"minecraft:tripwire_hook":3,"minecraft:cobblestone":92,"minecraft:furnace":5,"minecraft:cooked_porkchop":2,"minecraft:bucket":13,"minecraft:acacia_wood":5,"minecraft:cooked_beef":5,"minecraft:acacia_planks":1},"minecraft:crafted":{"minecraft:cooked_beef":5,"minecraft:cobblestone_slab":30,"minecraft:stone_shovel":1,"minecraft:barrel":1,"minecraft:tripwire_hook":2,"minecraft:cooked_porkchop":2,"minecraft:crafting_table":1,"minecraft:acacia_slab":6,"minecraft:wooden_pickaxe":1,"minecraft:acacia_trapdoor":8,"minecraft:furnace":1,"minecraft:lever":1,"minecraft:bucket":1,"minecraft:birch_planks":24,"minecraft:stone_axe":1,"minecraft:cooked_mutton":2,"minecraft:air":0,"minecraft:shield":1,"minecraft:stick":16,"minecraft:iron_ingot":6,"minecraft:stone_pickaxe":2,"minecraft:chest":9,"minecraft:iron_shovel":1,"minecraft:acacia_planks":180,"minecraft:stone_hoe":1,"minecraft:shears":1},"minecraft:custom":{"minecraft:interact_with_furnace":24,"minecraft:mob_kills":10,"minecraft:interact_with_crafting_table":24,"minecraft:time_since_death":59328,"minecraft:sleep_in_bed":3,"minecraft:time_since_rest":150,"minecraft:sprint_one_cm":193014,"minecraft:damage_taken":518,"minecraft:walk_one_cm":120849,"minecraft:damage_blocked_by_shield":45,"minecraft:drop":4,"minecraft:damage_dealt":3053,"minecraft:talked_to_villager":7,"minecraft:swim_one_cm":15922,"minecraft:fly_one_cm":206263,"minecraft:player_kills":2,"minecraft:open_chest":32,"minecraft:crouch_one_cm":12966,"minecraft:play_time":59328,"minecraft:sneak_time":3942,"minecraft:walk_under_water_one_cm":2410,"minecraft:boat_one_cm":126658,"minecraft:jump":1046,"minecraft:walk_on_water_one_cm":17093,"minecraft:total_world_time":59328,"minecraft:fall_one_cm":20750},"minecraft:mined":{"minecraft:acacia_leaves":8,"minecraft:glass_pane":1,"minecraft:farmland":6,"minecraft:brewing_stand":1,"minecraft:crafting_table":4,"minecraft:granite":12,"minecraft:acacia_log":27,"minecraft:blast_furnace":1,"minecraft:grass_block":88,"minecraft:poppy":1,"minecraft:chest":1,"minecraft:cobblestone":11,"minecraft:acacia_slab":4,"minecraft:composter":4,"minecraft:sugar_cane":5,"minecraft:carrots":1,"minecraft:furnace":4,"minecraft:acacia_trapdoor":14,"minecraft:wheat":2,"minecraft:barrel":1,"minecraft:birch_log":6,"minecraft:iron_ore":2,"minecraft:acacia_wood":25,"minecraft:acacia_stairs":2,"minecraft:birch_leaves":1,"minecraft:bell":1,"minecraft:grass":8,"minecraft:coal_ore":14,"minecraft:dirt_path":78,"minecraft:acacia_fence":9,"minecraft:gravel":16,"minecraft:dirt":133,"minecraft:tripwire_hook":1,"minecraft:acacia_planks":1,"minecraft:stone":151},"minecraft:dropped":{"minecraft:iron_ingot":2,"minecraft:rotten_flesh":1,"minecraft:dirt":64,"minecraft:white_wool":1},"minecraft:killed":{"minecraft:pig":1,"minecraft:spider":3,"minecraft:iron_golem":1,"minecraft:sheep":1,"minecraft:zombie":2,"minecraft:cow":2},"minecraft:broken":{"minecraft:stone_pickaxe":1,"minecraft:stone_axe":1},"minecraft:picked_up":{"minecraft:birch_log":6,"minecraft:crafting_table":4,"minecraft:wheat":3,"minecraft:tripwire_hook":1,"minecraft:acacia_leaves":7,"minecraft:leather":3,"minecraft:wooden_pickaxe":1,"minecraft:acacia_wood":25,"minecraft:flint":2,"minecraft:brewing_stand":1,"minecraft:dirt":365,"minecraft:string":762,"minecraft:acacia_planks":10,"minecraft:acacia_trapdoor":17,"minecraft:wheat_seeds":13,"minecraft:bell":1,"minecraft:beef":5,"minecraft:iron_ingot":6,"minecraft:poppy":3,"minecraft:sugar_cane":11,"minecraft:chest":1,"minecraft:acacia_sapling":1,"minecraft:furnace":4,"minecraft:stick":1,"minecraft:raw_iron":2,"minecraft:acacia_fence":10,"minecraft:composter":4,"minecraft:copper_ingot":1,"minecraft:acacia_log":27,"minecraft:torch":6,"minecraft:dandelion":4,"minecraft:gravel":14,"minecraft:porkchop":2,"minecraft:blast_furnace":1,"minecraft:carrot":6,"minecraft:acacia_stairs":2,"minecraft:barrel":1,"minecraft:spider_eye":1,"minecraft:golden_chestplate":1,"minecraft:rotten_flesh":2,"minecraft:stone_axe":1,"minecraft:granite":12,"minecraft:melon_seeds":4,"minecraft:mutton":3,"minecraft:coal":39,"minecraft:white_wool":2,"minecraft:cobblestone":169}},"DataVersion":3465}